scenarioId,repetition,valid,requestCount,totalTokens,overshoot,peakStartSkewMs
control-normal-c1,1,true,2,368,,0
control-normal-c4,1,true,8,1472,,4
control-normal-c8,1,true,16,2944,,3
control-stream-c1,1,true,2,368,,0
control-stream-c4,1,true,8,1472,,1
control-stream-c8,1,true,16,2944,,3
control-stream-c8,2,true,16,2944,,3
control-stream-c4,2,true,8,1472,,2
control-stream-c1,2,true,2,368,,0
control-normal-c8,2,true,16,2944,,5
control-normal-c4,2,true,8,1472,,2
control-normal-c1,2,true,2,368,,0
control-normal-c1,3,true,2,368,,0
control-normal-c4,3,true,8,1472,,1
control-normal-c8,3,true,16,2944,,3
control-stream-c1,3,true,2,368,,0
control-stream-c4,3,true,8,1472,,1
control-stream-c8,3,true,16,2944,,3
quota-normal-off-c1,1,true,7,920,120,0
quota-normal-off-c4,1,true,13,1472,672,7
quota-normal-off-c8,1,true,17,1472,672,3
quota-normal-on-c1,1,true,7,920,120,0
quota-normal-on-c4,1,true,13,1472,672,2
quota-normal-on-c8,1,true,17,1472,672,3
quota-stream-c1,1,true,10,1472,672,0
quota-stream-c4,1,true,13,1472,672,2
quota-stream-c8,1,true,17,1472,672,3
quota-stream-c8,2,true,17,1472,672,2
quota-stream-c4,2,true,13,1472,672,2
quota-stream-c1,2,true,7,920,120,0
quota-normal-on-c8,2,true,17,1472,672,3
quota-normal-on-c4,2,true,13,1472,672,2
quota-normal-on-c1,2,true,7,920,120,0
quota-normal-off-c8,2,true,17,1472,672,4
quota-normal-off-c4,2,true,13,1472,672,2
quota-normal-off-c1,2,true,7,920,120,0
quota-normal-off-c1,3,true,7,920,120,0
quota-normal-off-c4,3,true,13,1472,672,1
quota-normal-off-c8,3,true,17,1472,672,3
quota-normal-on-c1,3,true,7,920,120,0
quota-normal-on-c4,3,true,13,1472,672,2
quota-normal-on-c8,3,true,17,1472,672,3
quota-stream-c1,3,true,7,920,120,0
quota-stream-c4,3,true,13,1472,672,4
quota-stream-c8,3,true,17,1472,672,2
quota-stream-c8,4,true,17,1472,672,2
quota-stream-c4,4,true,13,1472,672,1
quota-stream-c1,4,true,7,920,120,0
quota-normal-on-c8,4,true,17,1472,672,7
quota-normal-on-c4,4,true,13,1472,672,3
quota-normal-on-c1,4,true,7,920,120,0
quota-normal-off-c8,4,true,17,1472,672,1
quota-normal-off-c4,4,true,13,1472,672,1
quota-normal-off-c1,4,true,7,920,120,0
quota-normal-off-c1,5,true,7,920,120,0
quota-normal-off-c4,5,true,13,1472,672,1
quota-normal-off-c8,5,true,17,1472,672,2
quota-normal-on-c1,5,true,7,920,120,0
quota-normal-on-c4,5,true,13,1472,672,4
quota-normal-on-c8,5,true,17,1472,672,5
quota-stream-c1,5,true,7,920,120,0
quota-stream-c4,5,true,13,1472,672,1
quota-stream-c8,5,true,17,1472,672,4
rate-normal-off,1,true,9,1288,,0
rate-normal-on,1,true,9,1288,,0
rate-stream,1,true,9,1288,,0
rate-stream,2,true,9,1288,,0
rate-normal-on,2,true,9,1288,,0
rate-normal-off,2,true,9,1288,,0
rate-normal-off,3,true,9,1288,,0
rate-normal-on,3,true,9,1288,,0
rate-stream,3,true,9,1288,,0
